target_id	pval	qval	test_stat	rss	degrees_free	mean_obs	var_obs	tech_var	sigma_sq	smooth_sigma_sq	final_sigma_sq
YBR093C_mRNA	3.06009381194173e-07	0.000963011522618062	26.2114081955469	3.13508157596995	1	7.42008215447325	0.627016315193991	0.00144755224439393	0.625568762949596	0.0137085435992828	0.625568762949596
YMR121C_mRNA	1.93879915144514e-07	0.000963011522618062	27.0931881557361	23.7937267216038	1	4.4854835506226	4.75874534432076	0.0195007827773239	4.73924456154344	0.0202914906553793	4.73924456154344
